Feature,Score
8Leu 134Leu Hydrophobic,0.0977
46Leu 96Leu Hydrophobic,0.0924
45Thr 133Thr Hbond,0.0901
5Thr 133Thr Hbond,0.0746
130Met 135Leu Hbond,0.0642
2Tyr 129Trp Hbond,0.0521
45Thr 93Thr Hbond,0.0463
41Trp 45Thr Hbond,0.0426
49Gln 96Leu Hbond,0.0331
49Gln 93Thr Hbond,0.0329
129Trp 133Thr Hbond,0.0286
45Thr 91Ser Hbond,0.0282
8Leu 137Gln Hbond,0.0251
133Thr 136Val Hbond,0.023
48Val 90Tyr Hbond,0.0206
5Thr 137Gln Hbond,0.0203
3Ser 133Thr Hbond,0.0163
129Trp 134Leu Hbond,0.0152
2Tyr 136Val Hbond,0.014
42Met 47Leu Hbond,0.0127
59Leu 90Tyr Hbond,0.0117
4Pro 137Gln Hbond,0.0105
3Ser 129Trp Hbond,0.0102
5Thr 8Leu Hbond,0.0101
93Thr 96Leu Hbond,0.0083
7Ile 32Glu Hbond,0.0077
133Thr 137Gln Hbond,0.0074
41Trp 46Leu Hbond,0.0061
49Gln 90Tyr Hbond,0.0061
2Tyr 147Leu Hbond,0.006
56Lys 90Tyr Hbond,0.0057
2Tyr 154Ala Hbond,0.0055
45Thr 48Val Hbond,0.0052
41Trp 91Ser Hbond,0.0051
125Glu 129Trp Hbond,0.0049
42Met 45Thr Hbond,0.0036
36Gln 40Asn Hbond,0.0034
3Ser 33Gln Hbond,0.0032
124Gln 128Asn Hbond,0.0031
92Pro 121Gln Hbond,0.0031
93Thr 120Glu Hbond,0.0027
2Tyr 152Pro Hbond,0.0026
37Glu 40Asn Hbond,0.0026
91Ser 121Gln Hbond,0.0026
44Glu 91Ser Hbond,0.0024
63Gly 89Met Hbond,0.0023
1Met 132Glu Hbond,0.0019
2Tyr 137Gln Hbond,0.0018
130Met 133Thr Hbond,0.0016
95Ile 120Glu Hbond,0.0014
122Ala 126Val Hydrophobic,0.0014
130Met 134Leu Hbond,0.0013
37Glu 41Trp Hbond,0.0011
64Pro 89Met Hbond,0.001
44Glu 90Tyr Hbond,0.001
44Glu 89Met Hbond,0.0008
41Trp 93Thr Hbond,0.0008
38Val 41Trp Hbond,0.0007
102Pro 140Asn Hbond,0.0007
129Trp 132Glu Hbond,0.0006
159Met 163Cys Hbond,0.0005
94Ser 120Glu Hbond,0.0005
34Ala 39Lys Hbond,0.0004
34Ala 38Val Hbond,0.0004
5Thr 129Trp Hbond,0.0004
94Ser 116Thr Hbond,0.0004
150Leu 153Ala Hbond,0.0003
104Glu 140Asn Hbond,0.0003
162Ala 166Val Hbond,0.0003
3Ser 132Glu Hbond,0.0003
2Tyr 133Thr Hbond,0.0003
2Tyr 144Lys Hbond,0.0002
165Gly 171Hie Hbond,0.0002
141Pro 145Thr Hbond,0.0002
2Tyr 132Glu Hbond,0.0002
32Glu 39Lys Saltbr,0.0002
60Lys 90Tyr Hbond,0.0002
131Thr 135Leu Hbond,0.0002
45Thr 90Tyr Hbond,0.0002
2Tyr 151Gly Hbond,0.0002
39Lys 43Thr Hbond,0.0002
151Gly 154Ala Hbond,0.0002
1Met 153Ala Hbond,0.0002
115Lys 119Ala Hbond,0.0001
147Leu 151Gly Hbond,0.0001
127Lys 131Thr Hbond,0.0001
160Met 164Gln Hbond,0.0001
28Thr 32Glu Hbond,0.0001
147Leu 154Ala Hbond,0.0001
140Asn 143Cys Hbond,0.0001
22Val 25Phe Hbond,0.0001
142Asp 145Thr Hbond,0.0001
164Gln 171Hie Hbond,0.0001
82Gly 85Ala Hbond,0.0001
58Ile 61Ala Hbond,0.0001
99Arg 112Arg Hbond,0.0001
45Thr 49Gln Hbond,0.0001
104Glu 112Arg Saltbr,0.0001
114Tyr 156Leu Hbond,0.0001
63Gly 90Tyr Hbond,0.0001
160Met 163Cys Hbond,0.0001
68Leu 71Met Hbond,0.0001
148Lys 151Gly Hbond,0.0001
28Thr 31Ala Hbond,0.0001
156Leu 160Met Hbond,0.0001
124Gln 127Lys Hbond,0.0001
126Val 130Met Hbond,0.0001
128Asn 132Glu Hbond,0.0001
19Arg 72Met Hbond,0.0001
113Phe 117Leu Hbond,0.0001
35Ser 38Val Hbond,0.0001
6Ser 32Glu Hbond,0.0
15Lys 79Gly Hbond,0.0
7Ile 10Ile Hbond,0.0
140Asn 144Lys Hbond,0.0
155Thr 159Met Hbond,0.0
42Met 46Leu Hbond,0.0
64Pro 90Tyr Hbond,0.0
100Gln 138Asn Hbond,0.0
59Leu 63Gly Hbond,0.0
158Glu 162Ala Hbond,0.0
101Gly 140Asn Hbond,0.0
162Ala 165Gly Hbond,0.0
109Tyr 135Leu Hbond,0.0
146Ile 150Leu Hbond,0.0
5Thr 32Glu Hbond,0.0
53Pro 57Thr Hbond,0.0
123Ser 126Val Hbond,0.0
67Thr 70Glu Hbond,0.0
106Phe 163Cys Hbond,0.0
1Met 154Ala Hbond,0.0
100Gln 104Glu Hbond,0.0
147Leu 150Leu Hbond,0.0
96Leu 138Asn Hbond,0.0
143Cys 147Leu Hbond,0.0
123Ser 127Lys Hbond,0.0
51Ala 56Lys Hbond,0.0
163Cys 166Val Hbond,0.0
127Lys 130Met Hbond,0.0
80Gly 83Hie Hbond,0.0
18Phe 22Val Hbond,0.0
1Met 152Pro Hbond,0.0
21Tyr 25Phe Hbond,0.0
114Tyr 118Arg Hbond,0.0
110Val 114Tyr Hbond,0.0
116Thr 119Ala Hbond,0.0
70Glu 74Ala Hbond,0.0
94Ser 97Asp Hbond,0.0
62Leu 65Ala Hbond,0.0
113Phe 116Thr Hbond,0.0
98Ile 138Asn Hbond,0.0
125Glu 128Asn Hbond,0.0
103Lys 142Asp Saltbr,0.0
110Val 135Leu Hydrophobic,0.0
122Ala 127Lys Hbond,0.0
65Ala 89Met Hbond,0.0
75Cys 78Val Hbond,0.0
21Tyr 47Leu Hbond,0.0
108Asp 111Asp Hbond,0.0
95Ile 113Phe Hydrophobic,0.0
6Ser 28Thr Hbond,0.0
150Leu 154Ala Hbond,0.0
62Leu 66Ala Hbond,0.0
109Tyr 113Phe Hbond,0.0
115Lys 118Arg Hbond,0.0
107Arg 111Asp Saltbr,0.0
95Ile 117Leu Hydrophobic,0.0
49Gln 56Lys Hbond,0.0
41Trp 44Glu Hbond,0.0
48Val 56Lys Hbond,0.0
100Gln 140Asn Hbond,0.0
10Ile 50Asn Hbond,0.0
8Leu 50Asn Hbond,0.0
141Pro 144Lys Hbond,0.0
39Lys 42Met Hbond,0.0
126Val 129Trp Hbond,0.0
36Gln 39Lys Hbond,0.0
128Asn 131Thr Hbond,0.0
20Asp 24Arg Saltbr,0.0
116Thr 120Glu Hbond,0.0
73Thr 76Gln Hbond,0.0
46Leu 50Asn Hbond,0.0
83Hie 86Arg Hbond,0.0
7Ile 46Leu Hydrophobic,0.0
136Val 139Ala Hbond,0.0
105Pro 109Tyr Hbond,0.0
8Leu 11Arg Hbond,0.0
95Ile 98Ile Hbond,0.0
159Met 162Ala Hbond,0.0
19Arg 22Val Hbond,0.0
136Val 144Lys Hbond,0.0
101Gly 104Glu Hbond,0.0
146Ile 149Ala Hbond,0.0
142Asp 174Arg Saltbr,0.0
71Met 74Ala Hbond,0.0
134Leu 137Gln Hbond,0.0
8Leu 46Leu Hydrophobic,0.0
15Lys 54Asp Saltbr,0.0
60Lys 63Gly Hbond,0.0
52Asn 55Cys Hbond,0.0
13Gly 16Glu Hbond,0.0
72Met 75Cys Hbond,0.0
15Lys 52Asn Hbond,0.0
144Lys 147Leu Hbond,0.0
165Gly 168Gly Hbond,0.0
6Ser 10Ile Hbond,0.0
63Gly 66Ala Hbond,0.0
157Glu 160Met Hbond,0.0
137Gln 144Lys Hbond,0.0
58Ile 74Ala Hydrophobic,0.0
29Leu 32Glu Hbond,0.0
55Cys 59Leu Hbond,0.0
96Leu 134Leu Hydrophobic,0.0
145Thr 149Ala Hbond,0.0
24Arg 27Lys Hbond,0.0
67Thr 71Met Hbond,0.0
77Gly 80Gly Hbond,0.0
71Met 75Cys Hbond,0.0
57Thr 60Lys Hbond,0.0
112Arg 116Thr Hbond,0.0
54Asp 57Thr Hbond,0.0
108Asp 112Arg Saltbr,0.0
18Phe 21Tyr Hbond,0.0
6Ser 9Asp Hbond,0.0
107Arg 164Gln Hbond,0.0
171Hie 174Arg Hbond,0.0
12Gln 52Asn Hbond,0.0
25Phe 28Thr Hbond,0.0
161Thr 165Gly Hbond,0.0
47Leu 68Leu Hydrophobic,0.0
56Lys 59Leu Hbond,0.0
13Gly 52Asn Hbond,0.0
135Leu 138Asn Hbond,0.0
26Tyr 30Arg Hbond,0.0
169Pro 172Lys Hbond,0.0
19Arg 76Gln Hbond,0.0
54Asp 58Ile Hbond,0.0
11Arg 50Asn Hbond,0.0
143Cys 146Ile Hbond,0.0
35Ser 125Glu Hbond,0.0
68Leu 72Met Hbond,0.0
145Thr 148Lys Hbond,0.0
114Tyr 131Thr Hbond,0.0
40Asn 44Glu Hbond,0.0
22Val 47Leu Hydrophobic,0.0
1Met 155Thr Hbond,0.0
57Thr 61Ala Hbond,0.0
10Ile 24Arg Hbond,0.0
113Phe 135Leu Hydrophobic,0.0
156Leu 159Met Hbond,0.0
135Leu 139Ala Hbond,0.0
26Tyr 29Leu Hbond,0.0
111Asp 115Lys Saltbr,0.0
109Tyr 112Arg Hbond,0.0
117Leu 120Glu Hbond,0.0
12Gln 16Glu Hbond,0.0
23Asp 27Lys Saltbr,0.0
27Lys 31Ala Hbond,0.0
135Leu 156Leu Hydrophobic,0.0
98Ile 112Arg Hbond,0.0
29Leu 39Lys Hbond,0.0
70Glu 73Thr Hbond,0.0
106Phe 110Val Hbond,0.0
56Lys 60Lys Hbond,0.0
53Pro 56Lys Hbond,0.0
81Pro 84Lys Hbond,0.0
46Leu 49Gln Hbond,0.0
24Arg 28Thr Hbond,0.0
21Tyr 50Asn Hbond,0.0
99Arg 138Asn Hbond,0.0
98Ile 113Phe Hydrophobic,0.0
98Ile 109Tyr Hbond,0.0
96Leu 99Arg Hbond,0.0
95Ile 134Leu Hydrophobic,0.0
94Ser 98Ile Hbond,0.0
7Ile 29Leu Hydrophobic,0.0
7Ile 25Phe Hydrophobic,0.0
79Gly 83Hie Hbond,0.0
78Val 83Hie Hbond,0.0
77Gly 83Hie Hbond,0.0
76Gln 83Hie Hbond,0.0
74Ala 78Val Hbond,0.0
74Ala 77Gly Hbond,0.0
72Met 76Gln Hbond,0.0
69Glu 73Thr Hbond,0.0
69Glu 72Met Hbond,0.0
66Ala 90Tyr Hbond,0.0
66Ala 89Met Hbond,0.0
59Leu 62Leu Hbond,0.0
58Ile 78Val Hydrophobic,0.0
58Ile 62Leu Hbond,0.0
55Cys 58Ile Hbond,0.0
52Asn 56Lys Hbond,0.0
48Val 59Leu Hydrophobic,0.0
48Val 51Ala Hbond,0.0
47Leu 51Ala Hbond,0.0
47Leu 50Asn Hbond,0.0
43Thr 47Leu Hbond,0.0
40Asn 43Thr Hbond,0.0
38Val 42Met Hbond,0.0
38Val 126Val Hydrophobic,0.0
35Ser 39Lys Hbond,0.0
27Lys 30Arg Hbond,0.0
26Tyr 43Thr Hbond,0.0
25Phe 47Leu Hydrophobic,0.0
25Phe 46Leu Hydrophobic,0.0
25Phe 29Leu Hbond,0.0
22Val 26Tyr Hbond,0.0
21Tyr 24Arg Hbond,0.0
20Asp 23Asp Hbond,0.0
19Arg 23Asp Saltbr,0.0
18Phe 76Gln Hbond,0.0
18Phe 59Leu Hydrophobic,0.0
17Pro 21Tyr Hbond,0.0
17Pro 20Asp Hbond,0.0
16Glu 24Arg Saltbr,0.0
168Gly 171Hie Hbond,0.0
167Gly 171Hie Hbond,0.0
166Val 171Hie Hbond,0.0
161Thr 166Val Hbond,0.0
161Thr 164Gln Hbond,0.0
158Glu 161Thr Hbond,0.0
157Glu 161Thr Hbond,0.0
155Thr 158Glu Hbond,0.0
14Pro 52Asn Hbond,0.0
146Ile 162Ala Hydrophobic,0.0
144Lys 148Lys Hbond,0.0
142Asp 146Ile Hbond,0.0
139Ala 144Lys Hbond,0.0
136Val 147Leu Hydrophobic,0.0
134Leu 138Asn Hbond,0.0
12Gln 50Asn Hbond,0.0
120Glu 127Lys Saltbr,0.0
11Arg 24Arg Hbond,0.0
117Leu 127Lys Hbond,0.0
114Tyr 117Leu Hbond,0.0
113Phe 134Leu Hydrophobic,0.0
110Val 113Phe Hbond,0.0
10Ile 25Phe Hydrophobic,0.0
10Ile 21Tyr Hbond,0.0
109Tyr 138Asn Hbond,0.0
107Arg 160Met Hbond,0.0
106Phe 156Leu Hydrophobic,0.0
106Phe 109Tyr Hbond,0.0
105Pro 108Asp Hbond,0.0
103Lys 167Gly Hbond,0.0
